title,body,labels,milestone
"Initial Meeting - Discuss Project Goals","Discuss overall project goals, scope, and potential challenges. Participants: James, Juergen, Scott. Duration: 30 minutes","Planning","1"
"Requirement Gathering","Identify key software components and architecture to be included in the MVP. Participants: James. Estimated Time: 2-3 hours","Planning","1"
"Minimal Schematic Creation","Juergen to develop a basic schematic for web use. Participants: Juergen. Estimated Time: 1-2 hours","Design","2"
"Schematic Review and Feedback","James to provide feedback and suggestions on the schematic. Participants: James, Juergen. Estimated Time: 1 hour","Design","2"
"Component Documentation","Document each main component, gather all relevant metadata including the coordinates. Participants: James, Juergen. Estimated Time: 5-10 hours","Content Development","3"
"Prototype Development","Create a basic web interface for the schematic. Participants: James (or designated web developer). Estimated Time: 5-10 hours","Development","4"
"Interface Testing and Iteration","Test the interface for usability and make necessary improvements. Participants: James, Juergen, Scott. Estimated Time: 5-10 hours","Testing","4"
"Development Environment Setup","Establish a suitable development environment. Participants: James. Estimated Time: 2 hours","Setup","5"
"Production Provisioning","Prepare the production environment. Participants: James. Estimated Time: 1 hour","Setup","5"
"JIRA and Git Hosting Setup","Set up project management and version control systems. Participants: James. Estimated Time: 1.5 hours","Setup","5"
"Analytics Setup","Implement tracking and analytics tools. Participants: James. Estimated Time: 2 hours","Analytics","6"
"Securing Software Assets","Focus on server-side coding and embedding critical functionalities within the app. Approach: Explore and implement security measures. Participants: James and possibly external experts. Timing: Post-core development","Security","7"
"Final Review and Testing","Ensure everything is working seamlessly and efficiently. Participants: James, Juergen, Scott. Estimated Time: 3-4 hours","Review","8"
"Launch","Make the interface live and monitor initial user interactions. Participants: James, Juergen, Scott. Estimated Time: 2-3 hours","Launch","8"
"Regular Updates and Maintenance","Address any issues, update content, and improve features based on user feedback. Participants: James, Juergen. Estimated Time: Ongoing","Maintenance","Ongoing"
